st,t_ele,t_ref,f_elet,dt_ele,l_terr,area,cod_rip,desc_rip,cod_naz,desc_naz,sz_tot,nazione
ESERCIZIO,Referendum,ABROGATIVO,SCRUTINI,20220612000000,NAZIONE,E,1,EUROPA,220,ALBANIA,2,220
ESERCIZIO,Referendum,ABROGATIVO,SCRUTINI,20220612000000,NAZIONE,E,1,EUROPA,221,ANDORRA,1,221
ESERCIZIO,Referendum,ABROGATIVO,SCRUTINI,20220612000000,NAZIONE,E,1,EUROPA,222,AUSTRIA,7,222
ESERCIZIO,Referendum,ABROGATIVO,SCRUTINI,20220612000000,NAZIONE,E,1,EUROPA,223,BELGIO,50,223
ESERCIZIO,Referendum,ABROGATIVO,SCRUTINI,20220612000000,NAZIONE,E,1,EUROPA,224,BULGARIA,1,224
ESERCIZIO,Referendum,ABROGATIVO,SCRUTINI,20220612000000,NAZIONE,E,1,EUROPA,225,REPUBBLICA CECA,1,225
ESERCIZIO,Referendum,ABROGATIVO,SCRUTINI,20220612000000,NAZIONE,E,1,EUROPA,226,STATO CITTA' DEL VATICANO,1,226
ESERCIZIO,Referendum,ABROGATIVO,SCRUTINI,20220612000000,NAZIONE,E,1,EUROPA,227,DANIMARCA,2,227
ESERCIZIO,Referendum,ABROGATIVO,SCRUTINI,20220612000000,NAZIONE,E,1,EUROPA,228,FINLANDIA,1,228
ESERCIZIO,Referendum,ABROGATIVO,SCRUTINI,20220612000000,NAZIONE,E,1,EUROPA,229,FRANCIA,78,229
ESERCIZIO,Referendum,ABROGATIVO,SCRUTINI,20220612000000,NAZIONE,E,1,EUROPA,230,GERMANIA,140,230
ESERCIZIO,Referendum,ABROGATIVO,SCRUTINI,20220612000000,NAZIONE,E,1,EUROPA,231,REGNO UNITO,74,231
ESERCIZIO,Referendum,ABROGATIVO,SCRUTINI,20220612000000,NAZIONE,E,1,EUROPA,232,GRECIA,3,232
ESERCIZIO,Referendum,ABROGATIVO,SCRUTINI,20220612000000,NAZIONE,E,1,EUROPA,233,IRLANDA,4,233
ESERCIZIO,Referendum,ABROGATIVO,SCRUTINI,20220612000000,NAZIONE,E,1,EUROPA,234,ISLANDA,1,234
ESERCIZIO,Referendum,ABROGATIVO,SCRUTINI,20220612000000,NAZIONE,E,1,EUROPA,236,SERBIA,1,236
ESERCIZIO,Referendum,ABROGATIVO,SCRUTINI,20220612000000,NAZIONE,E,1,EUROPA,237,LIECHTENSTEIN,1,237
ESERCIZIO,Referendum,ABROGATIVO,SCRUTINI,20220612000000,NAZIONE,E,1,EUROPA,238,LUSSEMBURGO,6,238
ESERCIZIO,Referendum,ABROGATIVO,SCRUTINI,20220612000000,NAZIONE,E,1,EUROPA,239,MALTA,2,239
ESERCIZIO,Referendum,ABROGATIVO,SCRUTINI,20220612000000,NAZIONE,E,1,EUROPA,240,MONACO,2,240
ESERCIZIO,Referendum,ABROGATIVO,SCRUTINI,20220612000000,NAZIONE,E,1,EUROPA,241,NORVEGIA,2,241
ESERCIZIO,Referendum,ABROGATIVO,SCRUTINI,20220612000000,NAZIONE,E,1,EUROPA,242,PAESI BASSI,11,242
ESERCIZIO,Referendum,ABROGATIVO,SCRUTINI,20220612000000,NAZIONE,E,1,EUROPA,243,POLONIA,2,243
ESERCIZIO,Referendum,ABROGATIVO,SCRUTINI,20220612000000,NAZIONE,E,1,EUROPA,244,PORTOGALLO,3,244
ESERCIZIO,Referendum,ABROGATIVO,SCRUTINI,20220612000000,NAZIONE,E,1,EUROPA,245,ROMANIA,2,245
ESERCIZIO,Referendum,ABROGATIVO,SCRUTINI,20220612000000,NAZIONE,E,1,EUROPA,246,SAN MARINO,3,246
ESERCIZIO,Referendum,ABROGATIVO,SCRUTINI,20220612000000,NAZIONE,E,1,EUROPA,248,SPAGNA,35,248
ESERCIZIO,Referendum,ABROGATIVO,SCRUTINI,20220612000000,NAZIONE,E,1,EUROPA,249,SVEZIA,3,249
ESERCIZIO,Referendum,ABROGATIVO,SCRUTINI,20220612000000,NAZIONE,E,1,EUROPA,250,SVIZZERA,109,250
ESERCIZIO,Referendum,ABROGATIVO,SCRUTINI,20220612000000,NAZIONE,E,1,EUROPA,251,UNGHERIA,1,251
ESERCIZIO,Referendum,ABROGATIVO,SCRUTINI,20220612000000,NAZIONE,E,1,EUROPA,252,FEDERAZIONE RUSSA,2,252
ESERCIZIO,Referendum,ABROGATIVO,SCRUTINI,20220612000000,NAZIONE,E,1,EUROPA,254,LITUANIA,1,254
ESERCIZIO,Referendum,ABROGATIVO,SCRUTINI,20220612000000,NAZIONE,E,1,EUROPA,255,LETTONIA,1,255
ESERCIZIO,Referendum,ABROGATIVO,SCRUTINI,20220612000000,NAZIONE,E,1,EUROPA,256,ESTONIA,1,256
ESERCIZIO,Referendum,ABROGATIVO,SCRUTINI,20220612000000,NAZIONE,E,1,EUROPA,257,BIELORUSSIA,1,257
ESERCIZIO,Referendum,ABROGATIVO,SCRUTINI,20220612000000,NAZIONE,E,1,EUROPA,259,CROAZIA,4,259
ESERCIZIO,Referendum,ABROGATIVO,SCRUTINI,20220612000000,NAZIONE,E,2,AMERICA MERIDIONALE,260,ARGENTINA,158,260
ESERCIZIO,Referendum,ABROGATIVO,SCRUTINI,20220612000000,NAZIONE,E,3,AMERICA SETTENTRIONALE E CENTRALE,261,BAHAMAS,1,261
ESERCIZIO,Referendum,ABROGATIVO,SCRUTINI,20220612000000,NAZIONE,E,2,AMERICA MERIDIONALE,262,BOLIVIA,1,262
ESERCIZIO,Referendum,ABROGATIVO,SCRUTINI,20220612000000,NAZIONE,E,2,AMERICA MERIDIONALE,263,BRASILE,88,263
ESERCIZIO,Referendum,ABROGATIVO,SCRUTINI,20220612000000,NAZIONE,E,3,AMERICA SETTENTRIONALE E CENTRALE,264,CANADA,27,264
ESERCIZIO,Referendum,ABROGATIVO,SCRUTINI,20220612000000,NAZIONE,E,2,AMERICA MERIDIONALE,265,CILE,11,265
ESERCIZIO,Referendum,ABROGATIVO,SCRUTINI,20220612000000,NAZIONE,E,2,AMERICA MERIDIONALE,266,COLOMBIA,4,266
ESERCIZIO,Referendum,ABROGATIVO,SCRUTINI,20220612000000,NAZIONE,E,3,AMERICA SETTENTRIONALE E CENTRALE,267,COSTA RICA,1,267
ESERCIZIO,Referendum,ABROGATIVO,SCRUTINI,20220612000000,NAZIONE,E,3,AMERICA SETTENTRIONALE E CENTRALE,268,CUBA,1,268
ESERCIZIO,Referendum,ABROGATIVO,SCRUTINI,20220612000000,NAZIONE,E,3,AMERICA SETTENTRIONALE E CENTRALE,269,REPUBBLICA DOMINICANA,2,269
ESERCIZIO,Referendum,ABROGATIVO,SCRUTINI,20220612000000,NAZIONE,E,3,AMERICA SETTENTRIONALE E CENTRALE,270,EL SALVADOR,1,270
ESERCIZIO,Referendum,ABROGATIVO,SCRUTINI,20220612000000,NAZIONE,E,2,AMERICA MERIDIONALE,271,ECUADOR,4,271
ESERCIZIO,Referendum,ABROGATIVO,SCRUTINI,20220612000000,NAZIONE,E,3,AMERICA SETTENTRIONALE E CENTRALE,272,GIAMAICA,1,272
ESERCIZIO,Referendum,ABROGATIVO,SCRUTINI,20220612000000,NAZIONE,E,3,AMERICA SETTENTRIONALE E CENTRALE,273,GUATEMALA,1,273
ESERCIZIO,Referendum,ABROGATIVO,SCRUTINI,20220612000000,NAZIONE,E,3,AMERICA SETTENTRIONALE E CENTRALE,274,HAITI,1,274
ESERCIZIO,Referendum,ABROGATIVO,SCRUTINI,20220612000000,NAZIONE,E,3,AMERICA SETTENTRIONALE E CENTRALE,275,HONDURAS,1,275
ESERCIZIO,Referendum,ABROGATIVO,SCRUTINI,20220612000000,NAZIONE,E,3,AMERICA SETTENTRIONALE E CENTRALE,276,MESSICO,4,276
ESERCIZIO,Referendum,ABROGATIVO,SCRUTINI,20220612000000,NAZIONE,E,3,AMERICA SETTENTRIONALE E CENTRALE,277,NICARAGUA,1,277
ESERCIZIO,Referendum,ABROGATIVO,SCRUTINI,20220612000000,NAZIONE,E,3,AMERICA SETTENTRIONALE E CENTRALE,278,PANAMA,2,278
ESERCIZIO,Referendum,ABROGATIVO,SCRUTINI,20220612000000,NAZIONE,E,2,AMERICA MERIDIONALE,279,PARAGUAY,2,279
ESERCIZIO,Referendum,ABROGATIVO,SCRUTINI,20220612000000,NAZIONE,E,2,AMERICA MERIDIONALE,280,PERU',6,280
ESERCIZIO,Referendum,ABROGATIVO,SCRUTINI,20220612000000,NAZIONE,E,3,AMERICA SETTENTRIONALE E CENTRALE,281,STATI UNITI D'AMERICA,54,281
ESERCIZIO,Referendum,ABROGATIVO,SCRUTINI,20220612000000,NAZIONE,E,2,AMERICA MERIDIONALE,282,TRINIDAD E TOBAGO,1,282
ESERCIZIO,Referendum,ABROGATIVO,SCRUTINI,20220612000000,NAZIONE,E,2,AMERICA MERIDIONALE,283,URUGUAY,19,283
ESERCIZIO,Referendum,ABROGATIVO,SCRUTINI,20220612000000,NAZIONE,E,2,AMERICA MERIDIONALE,284,VENEZUELA,18,284
ESERCIZIO,Referendum,ABROGATIVO,SCRUTINI,20220612000000,NAZIONE,E,2,AMERICA MERIDIONALE,285,GUYANA,1,285
ESERCIZIO,Referendum,ABROGATIVO,SCRUTINI,20220612000000,NAZIONE,E,3,AMERICA SETTENTRIONALE E CENTRALE,286,BARBADOS,1,286
ESERCIZIO,Referendum,ABROGATIVO,SCRUTINI,20220612000000,NAZIONE,E,3,AMERICA SETTENTRIONALE E CENTRALE,287,BELIZE,1,287
ESERCIZIO,Referendum,ABROGATIVO,SCRUTINI,20220612000000,NAZIONE,E,2,AMERICA MERIDIONALE,288,SURINAME,1,288
ESERCIZIO,Referendum,ABROGATIVO,SCRUTINI,20220612000000,NAZIONE,E,3,AMERICA SETTENTRIONALE E CENTRALE,289,GRENADA,1,289
ESERCIZIO,Referendum,ABROGATIVO,SCRUTINI,20220612000000,NAZIONE,E,4,AFRICA ASIA OCEANIA ANTARTIDE,290,SAMOA,1,290
ESERCIZIO,Referendum,ABROGATIVO,SCRUTINI,20220612000000,NAZIONE,E,4,AFRICA ASIA OCEANIA ANTARTIDE,291,TONGA,1,291
ESERCIZIO,Referendum,ABROGATIVO,SCRUTINI,20220612000000,NAZIONE,E,4,AFRICA ASIA OCEANIA ANTARTIDE,292,VANUATU,1,292
ESERCIZIO,Referendum,ABROGATIVO,SCRUTINI,20220612000000,NAZIONE,E,3,AMERICA SETTENTRIONALE E CENTRALE,294,ANTIGUA E BARBUDA,1,294
ESERCIZIO,Referendum,ABROGATIVO,SCRUTINI,20220612000000,NAZIONE,E,3,AMERICA SETTENTRIONALE E CENTRALE,295,SAINT LUCIA,1,295
ESERCIZIO,Referendum,ABROGATIVO,SCRUTINI,20220612000000,NAZIONE,E,3,AMERICA SETTENTRIONALE E CENTRALE,296,SAINT VINCENT E GRENADINE,1,296
ESERCIZIO,Referendum,ABROGATIVO,SCRUTINI,20220612000000,NAZIONE,E,3,AMERICA SETTENTRIONALE E CENTRALE,297,SAINT KITTS E NEVIS,1,297
ESERCIZIO,Referendum,ABROGATIVO,SCRUTINI,20220612000000,NAZIONE,E,4,AFRICA ASIA OCEANIA ANTARTIDE,301,ARABIA SAUDITA,2,301
ESERCIZIO,Referendum,ABROGATIVO,SCRUTINI,20220612000000,NAZIONE,E,4,AFRICA ASIA OCEANIA ANTARTIDE,302,AUSTRALIA,37,302
ESERCIZIO,Referendum,ABROGATIVO,SCRUTINI,20220612000000,NAZIONE,E,4,AFRICA ASIA OCEANIA ANTARTIDE,304,MYANMAR,1,304
ESERCIZIO,Referendum,ABROGATIVO,SCRUTINI,20220612000000,NAZIONE,E,4,AFRICA ASIA OCEANIA ANTARTIDE,305,CAMBOGIA,1,305
ESERCIZIO,Referendum,ABROGATIVO,SCRUTINI,20220612000000,NAZIONE,E,4,AFRICA ASIA OCEANIA ANTARTIDE,306,SRI LANKA,1,306
ESERCIZIO,Referendum,ABROGATIVO,SCRUTINI,20220612000000,NAZIONE,E,4,AFRICA ASIA OCEANIA ANTARTIDE,307,REPUBBLICA POPOLARE CINESE,5,307
ESERCIZIO,Referendum,ABROGATIVO,SCRUTINI,20220612000000,NAZIONE,E,1,EUROPA,308,CIPRO,1,308
ESERCIZIO,Referendum,ABROGATIVO,SCRUTINI,20220612000000,NAZIONE,E,4,AFRICA ASIA OCEANIA ANTARTIDE,309,REPUBBLICA DI COREA,1,309
ESERCIZIO,Referendum,ABROGATIVO,SCRUTINI,20220612000000,NAZIONE,E,4,AFRICA ASIA OCEANIA ANTARTIDE,310,FILIPPINE,1,310
ESERCIZIO,Referendum,ABROGATIVO,SCRUTINI,20220612000000,NAZIONE,E,4,AFRICA ASIA OCEANIA ANTARTIDE,311,GIAPPONE,2,311
ESERCIZIO,Referendum,ABROGATIVO,SCRUTINI,20220612000000,NAZIONE,E,4,AFRICA ASIA OCEANIA ANTARTIDE,312,GIORDANIA,1,312
ESERCIZIO,Referendum,ABROGATIVO,SCRUTINI,20220612000000,NAZIONE,E,4,AFRICA ASIA OCEANIA ANTARTIDE,313,INDIA,3,313
ESERCIZIO,Referendum,ABROGATIVO,SCRUTINI,20220612000000,NAZIONE,E,4,AFRICA ASIA OCEANIA ANTARTIDE,314,INDONESIA,1,314
ESERCIZIO,Referendum,ABROGATIVO,SCRUTINI,20220612000000,NAZIONE,E,4,AFRICA ASIA OCEANIA ANTARTIDE,315,IRAN,1,315
ESERCIZIO,Referendum,ABROGATIVO,SCRUTINI,20220612000000,NAZIONE,E,4,AFRICA ASIA OCEANIA ANTARTIDE,316,IRAQ,2,316
ESERCIZIO,Referendum,ABROGATIVO,SCRUTINI,20220612000000,NAZIONE,E,4,AFRICA ASIA OCEANIA ANTARTIDE,317,ISRAELE,3,317
ESERCIZIO,Referendum,ABROGATIVO,SCRUTINI,20220612000000,NAZIONE,E,4,AFRICA ASIA OCEANIA ANTARTIDE,318,KUWAIT,1,318
ESERCIZIO,Referendum,ABROGATIVO,SCRUTINI,20220612000000,NAZIONE,E,4,AFRICA ASIA OCEANIA ANTARTIDE,319,LAOS,1,319
ESERCIZIO,Referendum,ABROGATIVO,SCRUTINI,20220612000000,NAZIONE,E,4,AFRICA ASIA OCEANIA ANTARTIDE,320,LIBANO,1,320
ESERCIZIO,Referendum,ABROGATIVO,SCRUTINI,20220612000000,NAZIONE,E,4,AFRICA ASIA OCEANIA ANTARTIDE,321,MALAYSIA,1,321
ESERCIZIO,Referendum,ABROGATIVO,SCRUTINI,20220612000000,NAZIONE,E,4,AFRICA ASIA OCEANIA ANTARTIDE,322,MONGOLIA,1,322
ESERCIZIO,Referendum,ABROGATIVO,SCRUTINI,20220612000000,NAZIONE,E,4,AFRICA ASIA OCEANIA ANTARTIDE,323,NEPAL,1,323
ESERCIZIO,Referendum,ABROGATIVO,SCRUTINI,20220612000000,NAZIONE,E,4,AFRICA ASIA OCEANIA ANTARTIDE,324,NUOVA ZELANDA,1,324
ESERCIZIO,Referendum,ABROGATIVO,SCRUTINI,20220612000000,NAZIONE,E,4,AFRICA ASIA OCEANIA ANTARTIDE,325,OMAN,1,325
ESERCIZIO,Referendum,ABROGATIVO,SCRUTINI,20220612000000,NAZIONE,E,4,AFRICA ASIA OCEANIA ANTARTIDE,326,PAKISTAN,2,326
ESERCIZIO,Referendum,ABROGATIVO,SCRUTINI,20220612000000,NAZIONE,E,4,AFRICA ASIA OCEANIA ANTARTIDE,327,QATAR,1,327
ESERCIZIO,Referendum,ABROGATIVO,SCRUTINI,20220612000000,NAZIONE,E,4,AFRICA ASIA OCEANIA ANTARTIDE,329,SINGAPORE,1,329
ESERCIZIO,Referendum,ABROGATIVO,SCRUTINI,20220612000000,NAZIONE,E,4,AFRICA ASIA OCEANIA ANTARTIDE,331,THAILANDIA,1,331
ESERCIZIO,Referendum,ABROGATIVO,SCRUTINI,20220612000000,NAZIONE,E,1,EUROPA,333,TURCHIA,3,333
ESERCIZIO,Referendum,ABROGATIVO,SCRUTINI,20220612000000,NAZIONE,E,4,AFRICA ASIA OCEANIA ANTARTIDE,337,VIETNAM,2,337
ESERCIZIO,Referendum,ABROGATIVO,SCRUTINI,20220612000000,NAZIONE,E,4,AFRICA ASIA OCEANIA ANTARTIDE,338,BANGLADESH,1,338
ESERCIZIO,Referendum,ABROGATIVO,SCRUTINI,20220612000000,NAZIONE,E,4,AFRICA ASIA OCEANIA ANTARTIDE,339,FIGI,1,339
ESERCIZIO,Referendum,ABROGATIVO,SCRUTINI,20220612000000,NAZIONE,E,4,AFRICA ASIA OCEANIA ANTARTIDE,340,EMIRATI ARABI UNITI,3,340
ESERCIZIO,Referendum,ABROGATIVO,SCRUTINI,20220612000000,NAZIONE,E,4,AFRICA ASIA OCEANIA ANTARTIDE,341,BAHREIN,1,341
ESERCIZIO,Referendum,ABROGATIVO,SCRUTINI,20220612000000,NAZIONE,E,4,AFRICA ASIA OCEANIA ANTARTIDE,342,MALDIVE,1,342
ESERCIZIO,Referendum,ABROGATIVO,SCRUTINI,20220612000000,NAZIONE,E,4,AFRICA ASIA OCEANIA ANTARTIDE,343,PAPUA NUOVA GUINEA,1,343
ESERCIZIO,Referendum,ABROGATIVO,SCRUTINI,20220612000000,NAZIONE,E,4,AFRICA ASIA OCEANIA ANTARTIDE,344,ISOLE SALOMONE,1,344
ESERCIZIO,Referendum,ABROGATIVO,SCRUTINI,20220612000000,NAZIONE,E,4,AFRICA ASIA OCEANIA ANTARTIDE,345,TAIWAN,1,345
ESERCIZIO,Referendum,ABROGATIVO,SCRUTINI,20220612000000,NAZIONE,E,4,AFRICA ASIA OCEANIA ANTARTIDE,348,KAZAKHSTAN,1,348
ESERCIZIO,Referendum,ABROGATIVO,SCRUTINI,20220612000000,NAZIONE,E,4,AFRICA ASIA OCEANIA ANTARTIDE,349,UZBEKISTAN,1,349
ESERCIZIO,Referendum,ABROGATIVO,SCRUTINI,20220612000000,NAZIONE,E,4,AFRICA ASIA OCEANIA ANTARTIDE,350,ALGERIA,1,350
ESERCIZIO,Referendum,ABROGATIVO,SCRUTINI,20220612000000,NAZIONE,E,4,AFRICA ASIA OCEANIA ANTARTIDE,351,BURKINA FASO,1,351
ESERCIZIO,Referendum,ABROGATIVO,SCRUTINI,20220612000000,NAZIONE,E,4,AFRICA ASIA OCEANIA ANTARTIDE,352,BURUNDI,1,352
ESERCIZIO,Referendum,ABROGATIVO,SCRUTINI,20220612000000,NAZIONE,E,4,AFRICA ASIA OCEANIA ANTARTIDE,353,CAMERUN,1,353
ESERCIZIO,Referendum,ABROGATIVO,SCRUTINI,20220612000000,NAZIONE,E,4,AFRICA ASIA OCEANIA ANTARTIDE,355,CONGO,1,355
ESERCIZIO,Referendum,ABROGATIVO,SCRUTINI,20220612000000,NAZIONE,E,4,AFRICA ASIA OCEANIA ANTARTIDE,356,REPUBBLICA DEMOCRATICA DEL CONGO,1,356
ESERCIZIO,Referendum,ABROGATIVO,SCRUTINI,20220612000000,NAZIONE,E,4,AFRICA ASIA OCEANIA ANTARTIDE,357,COSTA D'AVORIO,1,357
ESERCIZIO,Referendum,ABROGATIVO,SCRUTINI,20220612000000,NAZIONE,E,4,AFRICA ASIA OCEANIA ANTARTIDE,358,BENIN,1,358
ESERCIZIO,Referendum,ABROGATIVO,SCRUTINI,20220612000000,NAZIONE,E,4,AFRICA ASIA OCEANIA ANTARTIDE,359,ETIOPIA,1,359
ESERCIZIO,Referendum,ABROGATIVO,SCRUTINI,20220612000000,NAZIONE,E,4,AFRICA ASIA OCEANIA ANTARTIDE,360,GABON,1,360
ESERCIZIO,Referendum,ABROGATIVO,SCRUTINI,20220612000000,NAZIONE,E,4,AFRICA ASIA OCEANIA ANTARTIDE,361,GAMBIA,1,361
ESERCIZIO,Referendum,ABROGATIVO,SCRUTINI,20220612000000,NAZIONE,E,4,AFRICA ASIA OCEANIA ANTARTIDE,362,GHANA,1,362
ESERCIZIO,Referendum,ABROGATIVO,SCRUTINI,20220612000000,NAZIONE,E,4,AFRICA ASIA OCEANIA ANTARTIDE,363,GUINEA,1,363
ESERCIZIO,Referendum,ABROGATIVO,SCRUTINI,20220612000000,NAZIONE,E,4,AFRICA ASIA OCEANIA ANTARTIDE,364,KENYA,1,364
ESERCIZIO,Referendum,ABROGATIVO,SCRUTINI,20220612000000,NAZIONE,E,4,AFRICA ASIA OCEANIA ANTARTIDE,366,LIBIA,1,366
ESERCIZIO,Referendum,ABROGATIVO,SCRUTINI,20220612000000,NAZIONE,E,4,AFRICA ASIA OCEANIA ANTARTIDE,367,MADAGASCAR,1,367
ESERCIZIO,Referendum,ABROGATIVO,SCRUTINI,20220612000000,NAZIONE,E,4,AFRICA ASIA OCEANIA ANTARTIDE,368,MALAWI,1,368
ESERCIZIO,Referendum,ABROGATIVO,SCRUTINI,20220612000000,NAZIONE,E,4,AFRICA ASIA OCEANIA ANTARTIDE,369,MALI,1,369
ESERCIZIO,Referendum,ABROGATIVO,SCRUTINI,20220612000000,NAZIONE,E,4,AFRICA ASIA OCEANIA ANTARTIDE,370,MAROCCO,2,370
ESERCIZIO,Referendum,ABROGATIVO,SCRUTINI,20220612000000,NAZIONE,E,4,AFRICA ASIA OCEANIA ANTARTIDE,371,MAURITANIA,1,371
ESERCIZIO,Referendum,ABROGATIVO,SCRUTINI,20220612000000,NAZIONE,E,4,AFRICA ASIA OCEANIA ANTARTIDE,372,NIGER,1,372
ESERCIZIO,Referendum,ABROGATIVO,SCRUTINI,20220612000000,NAZIONE,E,4,AFRICA ASIA OCEANIA ANTARTIDE,373,NIGERIA,2,373
ESERCIZIO,Referendum,ABROGATIVO,SCRUTINI,20220612000000,NAZIONE,E,4,AFRICA ASIA OCEANIA ANTARTIDE,374,EGITTO,1,374
ESERCIZIO,Referendum,ABROGATIVO,SCRUTINI,20220612000000,NAZIONE,E,4,AFRICA ASIA OCEANIA ANTARTIDE,377,RUANDA,1,377
ESERCIZIO,Referendum,ABROGATIVO,SCRUTINI,20220612000000,NAZIONE,E,4,AFRICA ASIA OCEANIA ANTARTIDE,378,SENEGAL,1,378
ESERCIZIO,Referendum,ABROGATIVO,SCRUTINI,20220612000000,NAZIONE,E,4,AFRICA ASIA OCEANIA ANTARTIDE,380,SOMALIA,1,380
ESERCIZIO,Referendum,ABROGATIVO,SCRUTINI,20220612000000,NAZIONE,E,4,AFRICA ASIA OCEANIA ANTARTIDE,381,SUD AFRICA,7,381
ESERCIZIO,Referendum,ABROGATIVO,SCRUTINI,20220612000000,NAZIONE,E,4,AFRICA ASIA OCEANIA ANTARTIDE,382,SUDAN,1,382
ESERCIZIO,Referendum,ABROGATIVO,SCRUTINI,20220612000000,NAZIONE,E,4,AFRICA ASIA OCEANIA ANTARTIDE,383,TANZANIA,1,383
ESERCIZIO,Referendum,ABROGATIVO,SCRUTINI,20220612000000,NAZIONE,E,4,AFRICA ASIA OCEANIA ANTARTIDE,384,TOGO,1,384
ESERCIZIO,Referendum,ABROGATIVO,SCRUTINI,20220612000000,NAZIONE,E,4,AFRICA ASIA OCEANIA ANTARTIDE,385,TUNISIA,1,385
ESERCIZIO,Referendum,ABROGATIVO,SCRUTINI,20220612000000,NAZIONE,E,4,AFRICA ASIA OCEANIA ANTARTIDE,386,UGANDA,1,386
ESERCIZIO,Referendum,ABROGATIVO,SCRUTINI,20220612000000,NAZIONE,E,4,AFRICA ASIA OCEANIA ANTARTIDE,387,ZAMBIA,1,387
ESERCIZIO,Referendum,ABROGATIVO,SCRUTINI,20220612000000,NAZIONE,E,4,AFRICA ASIA OCEANIA ANTARTIDE,388,NAMIBIA,1,388
ESERCIZIO,Referendum,ABROGATIVO,SCRUTINI,20220612000000,NAZIONE,E,4,AFRICA ASIA OCEANIA ANTARTIDE,389,BOTSWANA,1,389
ESERCIZIO,Referendum,ABROGATIVO,SCRUTINI,20220612000000,NAZIONE,E,4,AFRICA ASIA OCEANIA ANTARTIDE,390,MAURITIUS,1,390
ESERCIZIO,Referendum,ABROGATIVO,SCRUTINI,20220612000000,NAZIONE,E,4,AFRICA ASIA OCEANIA ANTARTIDE,391,GUINEA EQUATORIALE,1,391
ESERCIZIO,Referendum,ABROGATIVO,SCRUTINI,20220612000000,NAZIONE,E,4,AFRICA ASIA OCEANIA ANTARTIDE,392,MOZAMBICO,1,392
ESERCIZIO,Referendum,ABROGATIVO,SCRUTINI,20220612000000,NAZIONE,E,4,AFRICA ASIA OCEANIA ANTARTIDE,393,ANGOLA,1,393
ESERCIZIO,Referendum,ABROGATIVO,SCRUTINI,20220612000000,NAZIONE,E,4,AFRICA ASIA OCEANIA ANTARTIDE,395,GIBUTI,1,395
ESERCIZIO,Referendum,ABROGATIVO,SCRUTINI,20220612000000,NAZIONE,E,4,AFRICA ASIA OCEANIA ANTARTIDE,396,SEYCHELLES,1,396
ESERCIZIO,Referendum,ABROGATIVO,SCRUTINI,20220612000000,NAZIONE,E,4,AFRICA ASIA OCEANIA ANTARTIDE,397,CAPO VERDE,1,397
ESERCIZIO,Referendum,ABROGATIVO,SCRUTINI,20220612000000,NAZIONE,E,4,AFRICA ASIA OCEANIA ANTARTIDE,398,GUINEA BISSAU,1,398
ESERCIZIO,Referendum,ABROGATIVO,SCRUTINI,20220612000000,NAZIONE,E,4,AFRICA ASIA OCEANIA ANTARTIDE,399,ESWATINI,1,399
ESERCIZIO,Referendum,ABROGATIVO,SCRUTINI,20220612000000,NAZIONE,E,4,AFRICA ASIA OCEANIA ANTARTIDE,400,SAO TOME' E PRINCIPE,1,400
ESERCIZIO,Referendum,ABROGATIVO,SCRUTINI,20220612000000,NAZIONE,E,4,AFRICA ASIA OCEANIA ANTARTIDE,401,LESOTHO,1,401
ESERCIZIO,Referendum,ABROGATIVO,SCRUTINI,20220612000000,NAZIONE,E,1,EUROPA,450,SLOVENIA,2,450
ESERCIZIO,Referendum,ABROGATIVO,SCRUTINI,20220612000000,NAZIONE,E,1,EUROPA,451,BOSNIA-ERZEGOVINA,1,451
ESERCIZIO,Referendum,ABROGATIVO,SCRUTINI,20220612000000,NAZIONE,E,1,EUROPA,452,SLOVACCHIA,1,452
ESERCIZIO,Referendum,ABROGATIVO,SCRUTINI,20220612000000,NAZIONE,E,1,EUROPA,453,MACEDONIA DEL NORD,1,453
ESERCIZIO,Referendum,ABROGATIVO,SCRUTINI,20220612000000,NAZIONE,E,4,AFRICA ASIA OCEANIA ANTARTIDE,454,ARMENIA,1,454
ESERCIZIO,Referendum,ABROGATIVO,SCRUTINI,20220612000000,NAZIONE,E,4,AFRICA ASIA OCEANIA ANTARTIDE,455,AZERBAIGIAN,1,455
ESERCIZIO,Referendum,ABROGATIVO,SCRUTINI,20220612000000,NAZIONE,E,4,AFRICA ASIA OCEANIA ANTARTIDE,456,GEORGIA,1,456
ESERCIZIO,Referendum,ABROGATIVO,SCRUTINI,20220612000000,NAZIONE,E,4,AFRICA ASIA OCEANIA ANTARTIDE,457,KIRGHIZISTAN,1,457
ESERCIZIO,Referendum,ABROGATIVO,SCRUTINI,20220612000000,NAZIONE,E,1,EUROPA,458,MOLDOVA,1,458
ESERCIZIO,Referendum,ABROGATIVO,SCRUTINI,20220612000000,NAZIONE,E,4,AFRICA ASIA OCEANIA ANTARTIDE,459,TAGIKISTAN,1,459
ESERCIZIO,Referendum,ABROGATIVO,SCRUTINI,20220612000000,NAZIONE,E,4,AFRICA ASIA OCEANIA ANTARTIDE,460,TURKMENISTAN,1,460
ESERCIZIO,Referendum,ABROGATIVO,SCRUTINI,20220612000000,NAZIONE,E,4,AFRICA ASIA OCEANIA ANTARTIDE,461,BRUNEI,1,461
ESERCIZIO,Referendum,ABROGATIVO,SCRUTINI,20220612000000,NAZIONE,E,4,AFRICA ASIA OCEANIA ANTARTIDE,463,ISOLE MARSHALL,1,463
ESERCIZIO,Referendum,ABROGATIVO,SCRUTINI,20220612000000,NAZIONE,E,4,AFRICA ASIA OCEANIA ANTARTIDE,464,STATI FEDERATI DI MICRONESIA,1,464
ESERCIZIO,Referendum,ABROGATIVO,SCRUTINI,20220612000000,NAZIONE,E,4,AFRICA ASIA OCEANIA ANTARTIDE,466,PALAU,1,466
ESERCIZIO,Referendum,ABROGATIVO,SCRUTINI,20220612000000,NAZIONE,E,1,EUROPA,471,MONTENEGRO,1,471
ESERCIZIO,Referendum,ABROGATIVO,SCRUTINI,20220612000000,NAZIONE,E,1,EUROPA,472,KOSOVO,1,472
ESERCIZIO,Referendum,ABROGATIVO,SCRUTINI,20220612000000,NAZIONE,E,4,AFRICA ASIA OCEANIA ANTARTIDE,888,CIRCOSCRIZIONE AUTONOMA,1,888
